{"name":"Rii Matrix","id":1687889913136,"lastEdited":"2024-03-26T18:28:45.2504101+01:00","wallpaper":null,"isDefaultTheme":true,"innerVersion":4,"colorMap":{"MainAccent":{"r":0.474529654,"g":0.8180859,"b":0.501796,"a":1.0},"HomeArrows":{"r":1.0,"g":1.0,"b":1.0,"a":1.0},"HomeBackground":{"r":0.0,"g":0.0,"b":0.0,"a":1.0},"HomeBar":{"r":0.060233295,"g":0.238037333,"b":0.08208585,"a":1.0},"HomeCircleButtonsBackground":{"r":1.0,"g":1.0,"b":1.0,"a":1.0},"HomeCircleButtonsIcons":{"r":0.136820778,"g":0.136820778,"b":0.136820778,"a":1.0},"BannerBar":{"r":0.11282938,"g":0.280859739,"b":0.111523852,"a":1.0},"BannerButtons":{"r":0.04704903,"g":0.389862061,"b":0.09664435,"a":1.0},"SettingsBackgroundLight":{"r":0.079638,"g":0.335360885,"b":0.08654944,"a":1.0},"SettingsButtons":{"r":0.0774831846,"g":0.4326845,"b":0.136602789,"a":1.0},"EditorPreviewButtonText":{"r":0.192156866,"g":0.192156866,"b":0.192156866,"a":1.0},"HubBackground":{"r":0.0,"g":0.0,"b":0.0,"a":1.0},"HubButtons":{"r":0.07126239,"g":0.631224751,"b":0.07913457,"a":1.0},"HubAccent":{"r":0.17756997,"g":0.78039217,"b":0.0980391949,"a":1.0},"ClockText":{"r":0.303604484,"g":0.857015431,"b":0.335478544,"a":1.0},"DateText":{"r":1.0,"g":1.0,"b":1.0,"a":1.0},"ChannelBorders":{"r":0.2124288,"g":0.7908354,"b":0.2331517,"a":1.0},"ChannelBackground":{"r":0.282187283,"g":0.6195458,"b":0.294274032,"a":1.0},"ChannelHighlight":{"r":0.150629669,"g":0.899837732,"b":0.210090578,"a":1.0},"ChannelTagButton":{"r":1.0,"g":1.0,"b":1.0,"a":1.0},"ChannelTagText":{"r":0.3882353,"g":0.3882353,"b":0.3882353,"a":1.0},"LiftChannel":{"r":1.0,"g":1.0,"b":1.0,"a":1.0},"BannerButtonsText":{"r":1.0,"g":1.0,"b":1.0,"a":1.0},"ArrowSignButtons":{"r":1.0,"g":1.0,"b":1.0,"a":1.0},"ArrowSignIcon":{"r":1.0,"g":1.0,"b":1.0,"a":1.0},"HomeClip":{"r":1.0,"g":1.0,"b":1.0,"a":0.0},"HomeClipBorders":{"r":0.5183292,"g":0.5183292,"b":0.5183292,"a":0.5764957},"EditorBackground":{"r":1.0,"g":1.0,"b":1.0,"a":1.0},"EditorButtons":{"r":1.0,"g":1.0,"b":1.0,"a":1.0},"EditorText":{"r":0.196078435,"g":0.196078435,"b":0.196078435,"a":1.0},"EditorButtonsText":{"r":0.196078435,"g":0.196078435,"b":0.196078435,"a":1.0},"EditorPreviewButton":{"r":1.0,"g":1.0,"b":1.0,"a":1.0},"SettingsButtonsText":{"r":1.0,"g":1.0,"b":1.0,"a":1.0},"SettingsButtonsIcons":{"r":0.03269855,"g":0.7635848,"b":0.074794434,"a":1.0},"SettingsBars":{"r":0.0278978515,"g":0.382076174,"b":0.0,"a":1.0},"SettingsBackgroundDark":{"r":0.0,"g":0.339253962,"b":0.004769372,"a":1.0},"SettingsTitleTag":{"r":0.0,"g":0.401541,"b":0.00564502832,"a":1.0},"SettingsTitleText":{"r":1.0,"g":1.0,"b":1.0,"a":1.0},"SettingsHelpButton":{"r":1.0,"g":1.0,"b":1.0,"a":1.0},"SettingsHelpIcon":{"r":0.192156866,"g":0.192156866,"b":0.192156866,"a":0.5882353},"ScrollbarMainColor":{"r":1.0,"g":1.0,"b":1.0,"a":1.0},"ScrollbarBackColor":{"r":1.0,"g":1.0,"b":1.0,"a":1.0},"EditorSeparator":{"r":0.490196079,"g":0.490196079,"b":0.490196079,"a":1.0},"SettingsLocalAnimation":{"r":0.843137264,"g":0.8509804,"b":0.9254902,"a":0.3254902},"SettingsOnlineAnimation":{"r":0.6431373,"g":0.6117647,"b":0.5764706,"a":0.796078444},"MainCursorColor":{"r":0.7607843,"g":0.8980392,"b":1.0,"a":1.0},"MainCursorNumber":{"r":0.0,"g":0.572549045,"b":1.0,"a":1.0},"MainCursorBackground":{"r":1.0,"g":1.0,"b":1.0,"a":1.0},"PopupBars":{"r":0.157770976,"g":0.487185836,"b":0.123278148,"a":1.0},"PopupBackground":{"r":0.0315504335,"g":0.6156528,"b":0.0,"a":1.0},"PopupText":{"r":1.0,"g":1.0,"b":1.0,"a":1.0},"PopupButtons":{"r":0.08386922,"g":0.607866943,"b":0.0425950661,"a":1.0},"PopupButtonsText":{"r":1.0,"g":1.0,"b":1.0,"a":1.0},"BooleanTrueBackground":{"r":0.733333349,"g":1.0,"b":0.6,"a":1.0},"BooleanTrueIcon":{"r":0.0,"g":0.0,"b":0.0,"a":1.0},"BooleanFalseBackground":{"r":1.0,"g":0.56078434,"b":0.4862745,"a":1.0},"BooleanFalseIcon":{"r":0.0,"g":0.0,"b":0.0,"a":1.0},"SettingsSliderKnob":{"r":0.309803933,"g":0.309803933,"b":0.309803933,"a":1.0},"SettingsSliderBackground":{"r":1.0,"g":1.0,"b":1.0,"a":1.0},"SettingsButtonBoxes":{"r":1.0,"g":1.0,"b":1.0,"a":1.0},"SettingsBarIcon":{"r":0.202647746,"g":0.650689363,"b":0.238206565,"a":1.0},"SettingsDiscordIcon":{"r":1.0,"g":1.0,"b":1.0,"a":1.0},"SettingsStarIcon":{"r":1.0,"g":1.0,"b":1.0,"a":1.0},"HubSeparators":{"r":0.5167478,"g":0.6351176,"b":0.5184118,"a":1.0},"HubButtonsText":{"r":1.0,"g":1.0,"b":1.0,"a":1.0},"HubSearchButtonIcon":{"r":0.151405916,"g":0.603974044,"b":0.09169826,"a":1.0},"HubText":{"r":1.0,"g":1.0,"b":1.0,"a":1.0},"HubButtonBoxes":{"r":0.510543346,"g":0.510543346,"b":0.510543346,"a":1.0},"SettingsBackgroundThemes":{"r":0.0,"g":0.370397478,"b":0.0696236044,"a":1.0},"HubStarIcon":{"r":1.0,"g":1.0,"b":1.0,"a":1.0},"HubDownloadsIcon":{"r":1.0,"g":1.0,"b":1.0,"a":1.0},"HubHeartIcon":{"r":1.0,"g":1.0,"b":1.0,"a":1.0},"HubBombIcon":{"r":1.0,"g":1.0,"b":1.0,"a":1.0},"HubReviewsSeparator":{"r":0.303166419,"g":0.78039217,"b":0.08627453,"a":1.0},"HubAnimationButtons":{"r":0.21373798,"g":0.494971573,"b":0.20617795,"a":1.0},"HubAnimationButtonsText":{"r":1.0,"g":1.0,"b":1.0,"a":1.0},"HubAnimationButtonsMidBorder":{"r":0.0,"g":0.0,"b":0.0,"a":1.0},"HubPagesIcon":{"r":1.0,"g":1.0,"b":1.0,"a":1.0},"HubLoadingIcon":{"r":0.11348103,"g":0.530008137,"b":0.182085514,"a":1.0},"EditorButtonBoxes":{"r":1.0,"g":1.0,"b":1.0,"a":1.0},"SettingsButtonBoxesText":{"r":0.196078435,"g":0.196078435,"b":0.196078435,"a":1.0},"HubButtonBoxesText":{"r":1.0,"g":1.0,"b":1.0,"a":1.0},"EditorButtonBoxesText":{"r":0.196078435,"g":0.196078435,"b":0.196078435,"a":1.0},"HubTrashIcon":{"r":1.0,"g":1.0,"b":1.0,"a":1.0},"HubAnimationListInstalled":{"r":0.141466632,"g":0.300324321,"b":0.154986441,"a":1.0},"HubUnheartIcon":{"r":0.149019614,"g":0.149019614,"b":0.149019614,"a":0.5882353},"HubUnstarIcon":{"r":0.254901975,"g":0.254901975,"b":0.254901975,"a":1.0},"HubAnimationListUninstalled":{"r":0.0,"g":0.0,"b":0.0,"a":1.0},"HubAnimationListText":{"r":1.0,"g":1.0,"b":1.0,"a":1.0},"HubReviewsMaxStars":{"r":0.0,"g":0.0,"b":0.0,"a":1.0},"HubReviewsMinStars":{"r":0.0,"g":0.0,"b":0.0,"a":1.0},"HubReviewsText":{"r":1.0,"g":1.0,"b":1.0,"a":1.0},"SettingsWrenchIcon":{"r":1.0,"g":1.0,"b":1.0,"a":1.0},"SettingsHomeIcon":{"r":1.0,"g":1.0,"b":1.0,"a":1.0},"HubUploadUpdateIcons":{"r":1.0,"g":1.0,"b":1.0,"a":1.0},"HubAnimationInfoBackground":{"r":0.0,"g":0.0,"b":0.0,"a":1.0},"HubAnimationInfoText":{"r":1.0,"g":1.0,"b":1.0,"a":1.0},"HomeGridShadow":{"r":0.0,"g":0.0,"b":0.0,"a":0.0784313753},"HubAnimationButtonsIcons":{"r":1.0,"g":1.0,"b":1.0,"a":1.0},"MainCursorOutline":{"r":0.02745098,"g":0.02745098,"b":0.02745098,"a":1.0},"WarningScreenTitleIcon":{"r":1.0,"g":1.0,"b":1.0,"a":1.0},"WarningScreenTitleText":{"r":0.992156863,"g":0.992156863,"b":0.992156863,"a":1.0},"WarningScreenDescriptionText":{"r":0.992156863,"g":0.992156863,"b":0.992156863,"a":1.0},"WarningScreenProgressFilled":{"r":0.992156863,"g":0.992156863,"b":0.992156863,"a":1.0},"WarningScreenLoadingText":{"r":0.992156863,"g":0.992156863,"b":0.992156863,"a":1.0},"WarningScreenPressText":{"r":0.992156863,"g":0.992156863,"b":0.992156863,"a":1.0},"WarningScreenAlsoAtText":{"r":0.992156863,"g":0.992156863,"b":0.992156863,"a":1.0},"WarningScreenProgressUnfilled":{"r":1.0,"g":1.0,"b":1.0,"a":0.498039216},"WarningScreenBackground":{"r":0.0,"g":0.0,"b":0.0,"a":1.0},"HubVerifiedBadge":{"r":1.0,"g":1.0,"b":1.0,"a":1.0},"SdCardCover":{"r":0.247058824,"g":0.7488002,"b":0.2784314,"a":1.0},"SdCardTag":{"r":0.9490196,"g":0.9490196,"b":0.9490196,"a":1.0},"SdCardCoverDisabled":{"r":0.7764706,"g":0.7764706,"b":0.7764706,"a":1.0},"SettingsBackgroundEdit":{"r":0.5764706,"g":0.5764706,"b":0.5764706,"a":0.3529412},"SettingsRestartIcon":{"r":0.7294118,"g":0.7294118,"b":0.7294118,"a":1.0},"SettingsGestureIcon":{"r":0.7294118,"g":0.7294118,"b":0.7294118,"a":1.0}},"replacementTextures":[{"textureName":"arrow_left","imageFileName":"arrow left.png","filePath":"C:/Users/KaruzoHikari/AppData/LocalLow/KaruzoHikari/Wii Phone/Temp/Deserialize/theme_matrix_1687889913136/arrow left.png","isGif":false,"gifFrame":0,